"Time","Video title","Video link","Post time","Total likes","Total comments","Total shares","Total views"
"July 31","I am going broke for this car 🥲 #car #viral  #meme  #bmw ","https://www.tiktok.com/@project.mc.racing/video/7653266112234130718","June 19","56","1","2","1006"
"July 31","Shout out to Apex engineered for making a rear suspension kit that’s as straightforward as OEM #car #viral #CapCut ","https://www.tiktok.com/@project.mc.racing/video/7668414176439667999","July 30","44","1","0","750"
"July 31","The First season was just the beginning 🤡 #bmw #s1000rr #viralvideo #FunkNoCapCut #CapCut ","https://www.tiktok.com/@project.mc.racing/video/7470290600575782187","February 11","1512","5","3","24344"
"July 31","The pain of hart brake is not a joke most men have no one to talk to. Only a throtle to beet on nothing elce        ————————————————Shot in mexico by a trained professional dont try at home __________________________________#motorcycle #viral #fyp #hartbroken #mentalhealth #mentalhealthmatters #fyp #edit #foryou ","https://www.tiktok.com/@project.mc.racing/video/7394883024837430570","July 23","1082","1","4","4451"
"July 31","Pretty in pink😘  1of1 s1000rr #bmw #viral #trend #funk #motorcycle #CapCut ","https://www.tiktok.com/@project.mc.racing/video/7475866582145584430","February 26","840","1","5","4128"
"July 31","Sorry mom called 📲 #bmw #viral #motorcycle #s1000rr #bmwlife #cars #love #bikelife ","https://www.tiktok.com/@project.mc.racing/video/7477746957407178030","March 3","104","0","5","1048"
"July 31","Had to join the s1k family thanks for all the love 🙏 more content coming soon👹 #s1000rr #bmw #bmwmotorsport #motorcycle #fypage #edit #s1krr #bike ","https://www.tiktok.com/@project.mc.racing/video/7403629986445266218","August 16","176","0","5","1927"
"July 31","Perfict loop? #FunkNoCapCut #Funk #Biscoitocut #rosaquelindaeres #FunkNoCapCut #Funk #Biscoitocut #motorcycle #s1000r #bmw ","https://www.tiktok.com/@project.mc.racing/video/7404837716908625194","August 19","121","1","0","901"
"July 31","I think she hates me                              #cars #fyp #viral #carsoftiktok #foryou #cars #car #carsofinstagram #carporn #bmw #auto #carlifestyle #s #carphotography #photography #supercars #ford #jdm #carswithoutlimits #automotive #mercedes #audi #porsche #ferrari #turbo #instacar #f #m #luxury #v #r #racing #supercar #instacars #toyota","https://www.tiktok.com/@project.mc.racing/video/7339204409878170926","February 24","24","0","0","2027"
"July 31","Best financial decision of 2024 fs😭 ____________________________________ shot by trained professionals in mexico and enhanced by ai __________________________________do not attempt any stunts done in this video ##viral##motorcycle##fyp##edit##foryou##foryoupage##parati##mentalhealth##trending##hartbroken","https://www.tiktok.com/@project.mc.racing/video/7396508736908496171","July 27","81","3","2","737"